Stock,MSE (One-Feature Model)
GME,0.0457133986055851
NIO,0.008770238608121872
PLTR,0.011376907117664814
PLUG,0.014484379440546036
TSLA,0.0015120181487873197
