Stock,MSE
GME,0.627795398235321
NIO,0.043531980365514755
PLTR,0.0061893155798316
PLUG,0.9346085786819458
TSLA,0.002287028357386589
